002203,601318,cash,commission,total,return,equity_curve
0.0,0.0,100000.0,0.0,100000.0,,
0.0,0.0,100000.0,0.0,100000.0,0.0,1.0
0.0,0.0,100000.0,0.0,100000.0,0.0,1.0
0.0,0.0,100000.0,0.0,100000.0,0.0,1.0
0.0,0.0,100000.0,0.0,100000.0,0.0,1.0
0.0,0.0,100000.0,0.0,100000.0,0.0,1.0
0.0,0.0,100000.0,0.0,100000.0,0.0,1.0
0.0,0.0,100000.0,0.0,100000.0,0.0,1.0
0.0,0.0,100000.0,0.0,100000.0,0.0,1.0
0.0,0.0,100000.0,0.0,100000.0,0.0,1.0
0.0,0.0,100000.0,0.0,100000.0,0.0,1.0
0.0,0.0,100000.0,0.0,100000.0,0.0,1.0
0.0,0.0,100000.0,0.0,100000.0,0.0,1.0
0.0,0.0,100000.0,0.0,100000.0,0.0,1.0
0.0,0.0,100000.0,0.0,100000.0,0.0,1.0
0.0,0.0,100000.0,0.0,100000.0,0.0,1.0
0.0,0.0,100000.0,0.0,100000.0,0.0,1.0
0.0,0.0,100000.0,0.0,100000.0,0.0,1.0
0.0,0.0,100000.0,0.0,100000.0,0.0,1.0
0.0,0.0,100000.0,0.0,100000.0,0.0,1.0
0.0,0.0,100000.0,0.0,100000.0,0.0,1.0
0.0,0.0,100000.0,0.0,100000.0,0.0,1.0
0.0,0.0,100000.0,0.0,100000.0,0.0,1.0
0.0,0.0,100000.0,0.0,100000.0,0.0,1.0
0.0,0.0,100000.0,0.0,100000.0,0.0,1.0
0.0,0.0,100000.0,0.0,100000.0,0.0,1.0
0.0,0.0,100000.0,0.0,100000.0,0.0,1.0
0.0,0.0,100000.0,0.0,100000.0,0.0,1.0
0.0,0.0,100000.0,0.0,100000.0,0.0,1.0
0.0,0.0,100000.0,0.0,100000.0,0.0,1.0
0.0,0.0,100000.0,0.0,100000.0,0.0,1.0
0.0,0.0,100000.0,0.0,100000.0,0.0,1.0
0.0,6951.000000000001,92935.0,1.3,99886.0,-0.0011400000000000299,0.99886
0.0,6983.0,92935.0,1.3,99918.0,0.0003203652163465964,0.99918
0.0,6922.800000000001,92935.0,1.3,99857.8,-0.0006024940451169192,0.9985780000000001
0.0,6756.699999999999,92935.0,1.3,99691.7,-0.0016633653054644038,0.996917
0.0,6597.399999999999,92935.0,1.3,99532.4,-0.0015979264071132038,0.995324
0.0,6544.9,92935.0,1.3,99479.9,-0.0005274664330409129,0.994799
0.0,6681.900000000001,92935.0,1.3,99616.9,0.0013771626228011868,0.996169
0.0,6606.1,92935.0,1.3,99541.1,-0.0007609150656162633,0.995411
0.0,6567.3,92935.0,1.3,99502.3,-0.00038978874053030577,0.995023
0.0,6670.2,92935.0,1.3,99605.2,0.0010341469493668765,0.9960519999999998
0.0,6880.1,92935.0,1.3,99815.1,0.002107319698168464,0.9981509999999999
0.0,6914.1,92935.0,1.3,99849.1,0.0003406298245456352,0.9984909999999999
0.0,6819.800000000001,92935.0,1.3,99754.8,-0.0009444251375325674,0.9975479999999999
0.0,6858.700000000001,92935.0,1.3,99793.7,0.0003899561725348999,0.9979369999999997
0.0,6805.299999999999,92935.0,1.3,99740.3,-0.0005351039193856044,0.9974029999999998
0.0,6820.8,92935.0,1.3,99755.8,0.00015540358310528468,0.9975579999999997
0.0,6869.400000000001,92935.0,1.3,99804.4,0.00048718971728956006,0.9980439999999997
0.0,7099.600000000001,92935.0,1.3,100034.6,0.002306511536565692,1.000346
0.0,7112.3,92935.0,1.3,100047.3,0.00012695607319868074,1.000473
0.0,7153.1,92935.0,1.3,100088.1,0.00040780710723820057,1.000881
0.0,7127.8,92935.0,1.3,100062.8,-0.00025277730319595015,1.0006279999999999
0.0,7080.199999999999,92935.0,1.3,100015.2,-0.0004757012596090515,1.0001519999999997
0.0,6802.4,92935.0,1.3,99737.4,-0.002777577808173226,0.9973739999999996
0.0,6768.300000000001,92935.0,1.3,99703.3,-0.000341897823684878,0.9970329999999997
0.0,6751.8,92935.0,1.3,99686.8,-0.00016549101183205295,0.9968679999999998
0.0,6817.900000000001,92935.0,1.3,99752.9,0.000663076756400871,0.9975289999999996
0.0,6811.1,92935.0,1.3,99746.1,-6.816844422552482e-05,0.9974609999999997
0.0,6853.799999999999,92935.0,1.3,99788.8,0.00042808691267115506,0.9978879999999996
0.0,6844.1,92935.0,1.3,99779.1,-9.72052975884985e-05,0.9977909999999995
0.0,6734.3,92935.0,1.3,99669.3,-0.0011004308517515993,0.9966929999999995
0.0,6803.3,92935.0,1.3,99738.3,0.000692289401049262,0.9973829999999995
0.0,6869.400000000001,92935.0,1.3,99804.4,0.0006627343758616178,0.9980439999999995
0.0,6897.6,92935.0,1.3,99832.6,0.0002825526730285688,0.9983259999999996
0.0,7026.8,92935.0,1.3,99961.8,0.0012941664346115545,0.9996179999999996
0.0,7320.2,92935.0,1.3,100255.2,0.0029351212163044593,1.0025519999999994
0.0,7499.9,92935.0,1.3,100434.9,0.001792425729538083,1.0043489999999993
0.0,7431.900000000001,92935.0,1.3,100366.9,-0.0006770554856927458,1.0036689999999993
0.0,7488.200000000001,92935.0,1.3,100423.2,0.0005609419041536778,1.0042319999999993
0.0,7469.800000000001,92935.0,1.3,100404.8,-0.0001832245935201593,1.0040479999999994
0.0,7485.300000000001,92935.0,1.3,100420.3,0.00015437508963711544,1.0042029999999993
0.0,7605.800000000001,92935.0,1.3,100540.8,0.001199956582483841,1.0054079999999994
0.0,7420.2,92935.0,1.3,100355.2,-0.0018460167414622308,1.0035519999999993
0.0,7266.7,92935.0,1.3,100201.7,-0.0015295669780938104,1.0020169999999993
0.0,7306.6,92935.0,1.3,100241.6,0.0003981968369799471,1.0024159999999993
0.0,7081.2,92935.0,1.3,100016.2,-0.002248567461014317,1.000161999999999
0.0,7072.399999999999,92935.0,1.3,100007.4,-8.798574630908274e-05,1.000073999999999
0.0,7045.2,92935.0,1.3,99980.2,-0.0002719798734893697,0.999801999999999
0.0,7193.9,92935.0,1.3,100128.9,0.001487294484307844,1.001288999999999
0.0,7201.6,92935.0,1.3,100136.6,7.690087477252305e-05,1.001365999999999
0.0,7218.099999999999,92935.0,1.3,100153.1,0.00016477491746269557,1.001530999999999
0.0,7043.300000000001,92935.0,1.3,99978.3,-0.0017453279029805424,0.9997829999999991
0.0,6848.999999999999,92935.0,1.3,99784.0,-0.0019434217225138273,0.9978399999999991
0.0,6642.1,92935.0,1.3,99577.1,-0.002073478714022192,0.9957709999999992
0.0,6042.6,92935.0,1.3,98977.6,-0.006020460527571103,0.9897759999999992
0.0,6217.5,92935.0,1.3,99152.5,0.0017670664877709186,0.9915249999999992
0.0,6417.6,92935.0,1.3,99352.6,0.0020181034265400744,0.9935259999999994
0.0,6528.4,92935.0,1.3,99463.4,0.0011152199338515523,0.9946339999999991
0.0,6725.6,92935.0,1.3,99660.6,0.0019826388400157047,0.9966059999999993
0.0,6783.9,92935.0,1.3,99718.9,0.0005849854405852728,0.9971889999999992
862.2,6761.499999999999,92088.4,2.6,99712.09999999999,-6.819168683169785e-05,0.9971209999999991
863.1999999999999,6748.899999999999,92088.4,2.6,99700.49999999999,-0.00011633492825846581,0.9970049999999991
852.3,6577.0,92088.4,2.6,99517.7,-0.001833491306462709,0.9951769999999993
851.3,6497.3,92088.4,2.6,99437.0,-0.0008109110238680994,0.9943699999999993
841.3000000000001,6552.7,92088.4,2.6,99482.4,0.0004565704918690905,0.9948239999999992
845.3,6509.0,92088.4,2.6,99442.7,-0.0003990655633558937,0.9944269999999992
868.1000000000001,6547.800000000001,92088.4,2.6,99504.3,0.0006194522071505393,0.9950429999999992
852.3,6623.6,92088.4,2.6,99564.3,0.0006029890165550889,0.9956429999999993
851.3,6679.9,92088.4,2.6,99619.59999999999,0.0005554199647863634,0.9961959999999991
843.3,6830.500000000001,92088.4,2.6,99762.2,0.0014314452176078518,0.9976219999999991
865.2,6858.700000000001,92088.4,2.6,99812.29999999999,0.0005021942178500272,0.9981229999999991
879.1,0.0,98945.79999999999,3.9000000000000004,99824.9,0.00012623694674918085,0.9982489999999993
883.0,0.0,98945.79999999999,3.9000000000000004,99828.79999999999,3.9068408783649033e-05,0.9982879999999992
875.0999999999999,0.0,98945.79999999999,3.9000000000000004,99820.9,-7.913547994164993e-05,0.9982089999999992
877.1000000000001,0.0,98945.79999999999,3.9000000000000004,99822.9,2.0035884268798654e-05,0.9982289999999993
903.9,0.0,98945.79999999999,3.9000000000000004,99849.69999999998,0.00026847547005726113,0.9984969999999991
881.1,0.0,98945.79999999999,3.9000000000000004,99826.9,-0.00022834319982922846,0.9982689999999992
857.2,0.0,98945.79999999999,3.9000000000000004,99802.99999999999,-0.00023941442637209764,0.9980299999999991
860.2,0.0,98945.79999999999,3.9000000000000004,99805.99999999999,3.0059216656885823e-05,0.9980599999999992
805.6000000000001,0.0,98945.79999999999,3.9000000000000004,99751.4,-0.0005470612989197932,0.9975139999999992
808.6,0.0,98945.79999999999,3.9000000000000004,99754.4,3.0074765867915687e-05,0.9975439999999992
850.3,0.0,98945.79999999999,3.9000000000000004,99796.09999999999,0.0004180266735100968,0.9979609999999992
839.2999999999998,0.0,98945.79999999999,3.9000000000000004,99785.09999999999,-0.00011022474826172246,0.9978509999999992
846.3,0.0,98945.79999999999,3.9000000000000004,99792.09999999999,7.015075397021064e-05,0.9979209999999991
855.1999999999999,0.0,98945.79999999999,3.9000000000000004,99800.99999999999,8.918541648084144e-05,0.9980099999999991
852.3,0.0,98945.79999999999,3.9000000000000004,99798.09999999999,-2.905782507178767e-05,0.9979809999999991
839.2999999999998,0.0,98945.79999999999,3.9000000000000004,99785.09999999999,-0.00013026300099905352,0.997850999999999
858.2,0.0,98945.79999999999,3.9000000000000004,99803.99999999999,0.00018940703571979078,0.998039999999999
844.3,0.0,98945.79999999999,3.9000000000000004,99790.09999999999,-0.00013927297503102398,0.997900999999999
843.3,0.0,98945.79999999999,3.9000000000000004,99789.09999999999,-1.0021034150708985e-05,0.997890999999999
849.3000000000001,0.0,98945.79999999999,3.9000000000000004,99795.09999999999,6.012680743694432e-05,0.997950999999999
851.3,0.0,98945.79999999999,3.9000000000000004,99797.09999999999,2.0041064140441378e-05,0.997970999999999
863.1999999999999,0.0,98945.79999999999,3.9000000000000004,99808.99999999999,0.00011924194190005011,0.998089999999999
878.1,0.0,98945.79999999999,3.9000000000000004,99823.9,0.00014928513460721327,0.9982389999999991
877.1000000000001,0.0,98945.79999999999,3.9000000000000004,99822.9,-1.0017641065895866e-05,0.9982289999999991
864.2000000000002,0.0,98945.79999999999,3.9000000000000004,99809.99999999999,-0.00012922886431876446,0.9980999999999991
889.0,0.0,98945.79999999999,3.9000000000000004,99834.79999999999,0.00024847209698419803,0.998347999999999
864.2000000000002,0.0,98945.79999999999,3.9000000000000004,99809.99999999999,-0.00024841037393774634,0.998099999999999
844.3,0.0,98945.79999999999,3.9000000000000004,99790.09999999999,-0.00019937881975751193,0.997900999999999
861.2,0.0,98945.79999999999,3.9000000000000004,99806.99999999999,0.00016935547714647115,0.998069999999999
875.0999999999999,0.0,98945.79999999999,3.9000000000000004,99820.9,0.00013926878876246995,0.9982089999999991
878.1,0.0,98945.79999999999,3.9000000000000004,99823.9,3.005382640308696e-05,0.9982389999999991
868.1000000000001,0.0,98945.79999999999,3.9000000000000004,99813.9,-0.0001001764106591807,0.9981389999999991
864.2000000000002,0.0,98945.79999999999,3.9000000000000004,99809.99999999999,-3.90727143214642e-05,0.998099999999999
864.2000000000002,0.0,98945.79999999999,3.9000000000000004,99809.99999999999,0.0,0.998099999999999
864.2000000000002,0.0,98945.79999999999,3.9000000000000004,99809.99999999999,0.0,0.998099999999999
880.1,0.0,98945.79999999999,3.9000000000000004,99825.9,0.00015930267508279528,0.9982589999999991
896.0000000000001,0.0,98945.79999999999,3.9000000000000004,99841.79999999999,0.0001592773017824456,0.9984179999999991
898.8999999999999,0.0,98945.79999999999,3.9000000000000004,99844.69999999998,2.904595069397331e-05,0.9984469999999991
899.9000000000001,0.0,98945.79999999999,3.9000000000000004,99845.69999999998,1.0015554155584638e-05,0.998456999999999
913.8,0.0,98945.79999999999,3.9000000000000004,99859.59999999999,0.00013921480844958367,0.9985959999999992
913.8,0.0,98945.79999999999,3.9000000000000004,99859.59999999999,0.0,0.9985959999999992
909.9,0.0,98945.79999999999,3.9000000000000004,99855.69999999998,-3.9054832985607746e-05,0.998556999999999
917.8,0.0,98945.79999999999,3.9000000000000004,99863.59999999999,7.911416173556063e-05,0.9986359999999992
921.8,0.0,98945.79999999999,3.9000000000000004,99867.59999999999,4.0054634521391463e-05,0.9986759999999991
919.8000000000001,0.0,98945.79999999999,3.9000000000000004,99865.59999999999,-2.0026515106019716e-05,0.9986559999999991
926.7999999999998,0.0,98945.79999999999,3.9000000000000004,99872.59999999999,7.009420661363563e-05,0.998725999999999
908.9000000000001,0.0,98945.79999999999,3.9000000000000004,99854.69999999998,-0.0001792283369013159,0.9985469999999989
866.2,0.0,98945.79999999999,3.9000000000000004,99811.99999999999,-0.0004276213337980339,0.9981199999999988
884.0,0.0,98945.79999999999,3.9000000000000004,99829.79999999999,0.00017833527030819418,0.9982979999999988
884.0,0.0,98945.79999999999,3.9000000000000004,99829.79999999999,0.0,0.9982979999999988
876.0,0.0,98945.79999999999,3.9000000000000004,99821.79999999999,-8.013639213944046e-05,0.9982179999999988
858.0,0.0,98945.79999999999,3.9000000000000004,99803.79999999999,-0.00018032133261469685,0.9980379999999989
825.0,0.0,98945.79999999999,3.9000000000000004,99770.79999999999,-0.0003306487328137431,0.9977079999999989
816.0,0.0,98945.79999999999,3.9000000000000004,99761.79999999999,-9.020675387994004e-05,0.9976179999999989
823.0,0.0,98945.79999999999,3.9000000000000004,99768.79999999999,7.016713812291187e-05,0.9976879999999988
824.0,0.0,98945.79999999999,3.9000000000000004,99769.79999999999,1.0023173577344835e-05,0.9976979999999989
833.0,0.0,98945.79999999999,3.9000000000000004,99778.79999999999,9.02076580286959e-05,0.9977879999999988
843.0,0.0,98945.79999999999,3.9000000000000004,99788.79999999999,0.00010022169037915418,0.9978879999999988
849.0,0.0,98945.79999999999,3.9000000000000004,99794.79999999999,6.0126988199016296e-05,0.9979479999999987
831.0,0.0,98945.79999999999,3.9000000000000004,99776.79999999999,-0.00018037011948512927,0.9977679999999988
832.0,0.0,98945.79999999999,3.9000000000000004,99777.79999999999,1.0022369929751918e-05,0.9977779999999988
844.9999999999999,0.0,98945.79999999999,3.9000000000000004,99790.79999999999,0.00013028950327620414,0.9979079999999988
842.0,0.0,98945.79999999999,3.9000000000000004,99787.79999999999,-3.0062891569149208e-05,0.9978779999999988
846.0000000000001,0.0,98945.79999999999,3.9000000000000004,99791.79999999999,4.008506049846261e-05,0.9979179999999989
811.0,0.0,98945.79999999999,3.9000000000000004,99756.79999999999,-0.000350730220318729,0.9975679999999988
778.0,0.0,98945.79999999999,3.9000000000000004,99723.79999999999,-0.0003308045165842932,0.9972379999999988
799.0,0.0,98945.79999999999,3.9000000000000004,99744.79999999999,0.0002105816264521554,0.9974479999999988
790.0,0.0,98945.79999999999,3.9000000000000004,99735.79999999999,-9.02302676429878e-05,0.9973579999999989
784.0,0.0,98945.79999999999,3.9000000000000004,99729.79999999999,-6.015893991928589e-05,0.9972979999999988
0.0,0.0,99728.49999999999,5.2,99728.49999999999,-1.3035221167578825e-05,0.9972849999999989
0.0,0.0,99728.49999999999,5.2,99728.49999999999,0.0,0.9972849999999989
0.0,0.0,99728.49999999999,5.2,99728.49999999999,0.0,0.9972849999999989
0.0,0.0,99728.49999999999,5.2,99728.49999999999,0.0,0.9972849999999989
0.0,0.0,99728.49999999999,5.2,99728.49999999999,0.0,0.9972849999999989
0.0,0.0,99728.49999999999,5.2,99728.49999999999,0.0,0.9972849999999989
0.0,0.0,99728.49999999999,5.2,99728.49999999999,0.0,0.9972849999999989
0.0,0.0,99728.49999999999,5.2,99728.49999999999,0.0,0.9972849999999989
0.0,0.0,99728.49999999999,5.2,99728.49999999999,0.0,0.9972849999999989
0.0,0.0,99728.49999999999,5.2,99728.49999999999,0.0,0.9972849999999989
0.0,0.0,99728.49999999999,5.2,99728.49999999999,0.0,0.9972849999999989
0.0,0.0,99728.49999999999,5.2,99728.49999999999,0.0,0.9972849999999989
0.0,0.0,99728.49999999999,5.2,99728.49999999999,0.0,0.9972849999999989
0.0,0.0,99728.49999999999,5.2,99728.49999999999,0.0,0.9972849999999989
0.0,0.0,99728.49999999999,5.2,99728.49999999999,0.0,0.9972849999999989
0.0,0.0,99728.49999999999,5.2,99728.49999999999,0.0,0.9972849999999989
0.0,0.0,99728.49999999999,5.2,99728.49999999999,0.0,0.9972849999999989
0.0,0.0,99728.49999999999,5.2,99728.49999999999,0.0,0.9972849999999989
0.0,0.0,99728.49999999999,5.2,99728.49999999999,0.0,0.9972849999999989
0.0,0.0,99728.49999999999,5.2,99728.49999999999,0.0,0.9972849999999989
0.0,0.0,99728.49999999999,5.2,99728.49999999999,0.0,0.9972849999999989
0.0,0.0,99728.49999999999,5.2,99728.49999999999,0.0,0.9972849999999989
0.0,0.0,99728.49999999999,5.2,99728.49999999999,0.0,0.9972849999999989
0.0,0.0,99728.49999999999,5.2,99728.49999999999,0.0,0.9972849999999989
0.0,0.0,99728.49999999999,5.2,99728.49999999999,0.0,0.9972849999999989
0.0,0.0,99728.49999999999,5.2,99728.49999999999,0.0,0.9972849999999989
0.0,0.0,99728.49999999999,5.2,99728.49999999999,0.0,0.9972849999999989
0.0,0.0,99728.49999999999,5.2,99728.49999999999,0.0,0.9972849999999989
0.0,0.0,99728.49999999999,5.2,99728.49999999999,0.0,0.9972849999999989
0.0,0.0,99728.49999999999,5.2,99728.49999999999,0.0,0.9972849999999989
0.0,0.0,99728.49999999999,5.2,99728.49999999999,0.0,0.9972849999999989
0.0,0.0,99728.49999999999,5.2,99728.49999999999,0.0,0.9972849999999989
0.0,0.0,99728.49999999999,5.2,99728.49999999999,0.0,0.9972849999999989
0.0,0.0,99728.49999999999,5.2,99728.49999999999,0.0,0.9972849999999989
0.0,0.0,99728.49999999999,5.2,99728.49999999999,0.0,0.9972849999999989
0.0,0.0,99728.49999999999,5.2,99728.49999999999,0.0,0.9972849999999989
0.0,0.0,99728.49999999999,5.2,99728.49999999999,0.0,0.9972849999999989
0.0,0.0,99728.49999999999,5.2,99728.49999999999,0.0,0.9972849999999989
0.0,0.0,99728.49999999999,5.2,99728.49999999999,0.0,0.9972849999999989
0.0,0.0,99728.49999999999,5.2,99728.49999999999,0.0,0.9972849999999989
0.0,0.0,99728.49999999999,5.2,99728.49999999999,0.0,0.9972849999999989
0.0,0.0,99728.49999999999,5.2,99728.49999999999,0.0,0.9972849999999989
0.0,0.0,99728.49999999999,5.2,99728.49999999999,0.0,0.9972849999999989
0.0,0.0,99728.49999999999,5.2,99728.49999999999,0.0,0.9972849999999989
0.0,0.0,99728.49999999999,5.2,99728.49999999999,0.0,0.9972849999999989
0.0,0.0,99728.49999999999,5.2,99728.49999999999,0.0,0.9972849999999989
0.0,0.0,99728.49999999999,5.2,99728.49999999999,0.0,0.9972849999999989
0.0,0.0,99728.49999999999,5.2,99728.49999999999,0.0,0.9972849999999989
0.0,0.0,99728.49999999999,5.2,99728.49999999999,0.0,0.9972849999999989
0.0,0.0,99728.49999999999,5.2,99728.49999999999,0.0,0.9972849999999989
0.0,0.0,99728.49999999999,5.2,99728.49999999999,0.0,0.9972849999999989
0.0,0.0,99728.49999999999,5.2,99728.49999999999,0.0,0.9972849999999989
0.0,6217.8,93535.09999999999,6.5,99752.9,0.0002446642634754692,0.997528999999999
0.0,6101.0,93535.09999999999,6.5,99636.09999999999,-0.001170893277288254,0.9963609999999989
0.0,6160.0,93535.09999999999,6.5,99695.09999999999,0.000592154851504656,0.9969509999999989
0.0,6160.0,93535.09999999999,6.5,99695.09999999999,0.0,0.9969509999999989
0.0,6125.0,93535.09999999999,6.5,99660.09999999999,-0.0003510704136913123,0.996600999999999
874.0,6028.0,92668.79999999999,7.8,99570.79999999999,-0.0008960456591956545,0.9957079999999989
868.0,6101.0,92668.79999999999,7.8,99637.79999999999,0.0006728880354480715,0.9963779999999989
855.0000000000001,6242.0,92668.79999999999,7.8,99765.79999999999,0.0012846530132137879,0.9976579999999988
838.0000000000001,6225.0,92668.79999999999,7.8,99731.79999999999,-0.0003407981492655754,0.9973179999999988
827.9999999999999,6210.0,92668.79999999999,7.8,99706.79999999999,-0.0002506723031169278,0.9970679999999988
850.0,6381.0,92668.79999999999,7.8,99899.79999999999,0.0019356754002735066,0.9989979999999987
849.0,6461.0,92668.79999999999,7.8,99978.79999999999,0.0007907923739587375,0.9997879999999988
848.0,6497.0,92668.79999999999,7.8,100013.79999999999,0.0003500742157336312,1.0001379999999986
856.0,6648.0,92668.79999999999,7.8,100172.79999999999,0.001589780610275815,1.0017279999999986
852.0,6683.0,92668.79999999999,7.8,100203.79999999999,0.00030946524405828235,1.0020379999999987
833.0,6686.0,92668.79999999999,7.8,100187.79999999999,-0.00015967458319943173,1.0018779999999987
834.0,6744.0,92668.79999999999,7.8,100246.79999999999,0.0005888940569609424,1.0024679999999986
819.9999999999999,6470.999999999999,92668.79999999999,7.8,99959.79999999999,-0.00286293427820139,0.9995979999999985
819.9999999999999,6433.0,92668.79999999999,7.8,99921.79999999999,-0.0003801528214342209,0.9992179999999985
830.0000000000001,6420.0,92668.79999999999,7.8,99918.79999999999,-3.0023478360119427e-05,0.9991879999999984
790.0,6138.0,92668.79999999999,7.8,99596.79999999999,-0.0032226167648130577,0.9959679999999984
766.0,6230.0,92668.79999999999,7.8,99664.79999999999,0.0006827528595296783,0.9966479999999984
780.0,6309.0,92668.79999999999,7.8,99757.79999999999,0.000933127844534809,0.9975779999999983
757.0,6333.0,92668.79999999999,7.8,99758.79999999999,1.0024278803255626e-05,0.9975879999999983
746.0,6241.0,92668.79999999999,7.8,99655.79999999999,-0.0010324903667646712,0.9965579999999982
696.0,6225.0,92668.79999999999,7.8,99589.79999999999,-0.0006622795662670766,0.9958979999999982
690.0,6188.0,92668.79999999999,7.8,99546.79999999999,-0.00043177112515535576,0.9954679999999982
723.0,6562.0,92668.79999999999,7.8,99953.79999999999,0.004088529214399728,0.9995379999999983
733.0,6488.0,92668.79999999999,7.8,99889.79999999999,-0.0006402958166672468,0.9988979999999983
741.0,6556.0,92668.79999999999,7.8,99965.79999999999,0.0007608384439652394,0.9996579999999983
723.0,6420.0,92668.79999999999,7.8,99811.79999999999,-0.001540526860186131,0.9981179999999983
744.0,6438.0,92668.79999999999,7.8,99850.79999999999,0.0003907353639549527,0.9985079999999983
0.0,6190.0,93411.49999999999,9.1,99601.49999999999,-0.002496725113869891,0.9960149999999983
0.0,5950.0,93411.49999999999,9.1,99361.49999999999,-0.0024096022650261784,0.9936149999999982
0.0,6216.0,93411.49999999999,9.1,99627.49999999999,0.00267709324033949,0.9962749999999981
0.0,6408.0,93411.49999999999,9.1,99819.49999999999,0.0019271787408094987,0.9981949999999982
0.0,6555.0,93411.49999999999,9.1,99966.49999999999,0.001472658147957162,0.9996649999999982
0.0,6570.0,93411.49999999999,9.1,99981.49999999999,0.0001500502668394521,0.9998149999999983
0.0,6580.0,93411.49999999999,9.1,99991.49999999999,0.00010001850342322705,0.9999149999999984
0.0,6590.000000000001,93411.49999999999,9.1,100001.49999999999,0.00010000850072255929,1.0000149999999985
0.0,6600.0,93411.49999999999,9.1,100011.49999999999,9.999850002251343e-05,1.0001149999999985
0.0,6438.0,93411.49999999999,9.1,99849.49999999999,-0.0016198137214220587,0.9984949999999985
0.0,6375.0,93411.49999999999,9.1,99786.49999999999,-0.0006309495791165798,0.9978649999999984
0.0,6350.0,93411.49999999999,9.1,99761.49999999999,-0.00025053489199444723,0.9976149999999984
0.0,6360.0,93411.49999999999,9.1,99771.49999999999,0.00010023907018230638,0.9977149999999982
0.0,6377.0,93411.49999999999,9.1,99788.49999999999,0.00017038933964097502,0.9978849999999981
0.0,6469.0,93411.49999999999,9.1,99880.49999999999,0.0009219499240895601,0.9988049999999983
0.0,6480.0,93411.49999999999,9.1,99891.49999999999,0.00011013160727069149,0.9989149999999983
0.0,6391.0,93411.49999999999,9.1,99802.49999999999,-0.0008909666988682341,0.9980249999999984
0.0,6353.0,93411.49999999999,9.1,99764.49999999999,-0.0003807519851707353,0.9976449999999983
0.0,6282.0,93411.49999999999,9.1,99693.49999999999,-0.0007116759969728603,0.9969349999999984
0.0,6252.0,93411.49999999999,9.1,99663.49999999999,-0.00030092232693201826,0.9966349999999984
0.0,6280.0,93411.49999999999,9.1,99691.49999999999,0.00028094538120782,0.9969149999999984
0.0,6291.0,93411.49999999999,9.1,99702.49999999999,0.00011034040013435664,0.9970249999999984
0.0,6301.0,93411.49999999999,9.1,99712.49999999999,0.00010029838770342359,0.9971249999999984
0.0,6300.0,93411.49999999999,9.1,99711.49999999999,-1.0028832894581896e-05,0.9971149999999984
0.0,6290.0,93411.49999999999,9.1,99701.49999999999,-0.00010028933473071877,0.9970149999999984
0.0,6477.0,93411.49999999999,9.1,99888.49999999999,0.0018755986620060394,0.9988849999999984
0.0,6416.0,93411.49999999999,9.1,99827.49999999999,-0.0006106809092137899,0.9982749999999984
0.0,6398.0,93411.49999999999,9.1,99809.49999999999,-0.00018031103653803893,0.9980949999999984
0.0,6289.0,93411.49999999999,9.1,99700.49999999999,-0.001092080413187091,0.9970049999999985
0.0,6298.0,93411.49999999999,9.1,99709.49999999999,9.027035972741793e-05,0.9970949999999985
0.0,6182.0,93411.49999999999,9.1,99593.49999999999,-0.0011633796177896727,0.9959349999999986
0.0,6182.0,93411.49999999999,9.1,99593.49999999999,0.0,0.9959349999999986
0.0,6204.0,93411.49999999999,9.1,99615.49999999999,0.0002208979501674424,0.9961549999999986
0.0,6240.0,93411.49999999999,9.1,99651.49999999999,0.0003613895427920788,0.9965149999999986
0.0,6173.0,93411.49999999999,9.1,99584.49999999999,-0.000672343115758367,0.9958449999999986
0.0,6103.0,93411.49999999999,9.1,99514.49999999999,-0.0007029206352394679,0.9951449999999986
0.0,6047.0,93411.49999999999,9.1,99458.49999999999,-0.0005627320641715672,0.9945849999999986
0.0,5988.0,93411.49999999999,9.1,99399.49999999999,-0.0005932122443028653,0.9939949999999986
0.0,5858.0,93411.49999999999,9.1,99269.49999999999,-0.0013078536612357583,0.9926949999999986
0.0,5745.0,93411.49999999999,9.1,99156.49999999999,-0.0011383153939528157,0.9915649999999986
0.0,0.0,99155.19999999998,10.4,99155.19999999998,-1.3110587808173868e-05,0.9915519999999985
0.0,0.0,99155.19999999998,10.4,99155.19999999998,0.0,0.9915519999999985
0.0,0.0,99155.19999999998,10.4,99155.19999999998,0.0,0.9915519999999985
0.0,0.0,99155.19999999998,10.4,99155.19999999998,0.0,0.9915519999999985
0.0,0.0,99155.19999999998,10.4,99155.19999999998,0.0,0.9915519999999985
0.0,0.0,99155.19999999998,10.4,99155.19999999998,0.0,0.9915519999999985
0.0,0.0,99155.19999999998,10.4,99155.19999999998,0.0,0.9915519999999985
0.0,0.0,99155.19999999998,10.4,99155.19999999998,0.0,0.9915519999999985
0.0,0.0,99155.19999999998,10.4,99155.19999999998,0.0,0.9915519999999985
0.0,0.0,99155.19999999998,10.4,99155.19999999998,0.0,0.9915519999999985
0.0,0.0,99155.19999999998,10.4,99155.19999999998,0.0,0.9915519999999985
0.0,0.0,99155.19999999998,10.4,99155.19999999998,0.0,0.9915519999999985
0.0,0.0,99155.19999999998,10.4,99155.19999999998,0.0,0.9915519999999985
0.0,0.0,99155.19999999998,10.4,99155.19999999998,0.0,0.9915519999999985
0.0,0.0,99155.19999999998,10.4,99155.19999999998,0.0,0.9915519999999985
0.0,0.0,99155.19999999998,10.4,99155.19999999998,0.0,0.9915519999999985
0.0,0.0,99155.19999999998,10.4,99155.19999999998,0.0,0.9915519999999985
0.0,0.0,99155.19999999998,10.4,99155.19999999998,0.0,0.9915519999999985
0.0,0.0,99155.19999999998,10.4,99155.19999999998,0.0,0.9915519999999985
0.0,0.0,99155.19999999998,10.4,99155.19999999998,0.0,0.9915519999999985
0.0,0.0,99155.19999999998,10.4,99155.19999999998,0.0,0.9915519999999985
0.0,0.0,99155.19999999998,10.4,99155.19999999998,0.0,0.9915519999999985
0.0,0.0,99155.19999999998,10.4,99155.19999999998,0.0,0.9915519999999985
0.0,0.0,99155.19999999998,10.4,99155.19999999998,0.0,0.9915519999999985
0.0,0.0,99155.19999999998,10.4,99155.19999999998,0.0,0.9915519999999985
0.0,0.0,99155.19999999998,10.4,99155.19999999998,0.0,0.9915519999999985
0.0,0.0,99155.19999999998,10.4,99155.19999999998,0.0,0.9915519999999985
0.0,0.0,99155.19999999998,10.4,99155.19999999998,0.0,0.9915519999999985
0.0,0.0,99155.19999999998,10.4,99155.19999999998,0.0,0.9915519999999985
0.0,0.0,99155.19999999998,10.4,99155.19999999998,0.0,0.9915519999999985
0.0,0.0,99155.19999999998,10.4,99155.19999999998,0.0,0.9915519999999985
0.0,0.0,99155.19999999998,10.4,99155.19999999998,0.0,0.9915519999999985
0.0,0.0,99155.19999999998,10.4,99155.19999999998,0.0,0.9915519999999985
0.0,0.0,99155.19999999998,10.4,99155.19999999998,0.0,0.9915519999999985
0.0,0.0,99155.19999999998,10.4,99155.19999999998,0.0,0.9915519999999985
0.0,0.0,99155.19999999998,10.4,99155.19999999998,0.0,0.9915519999999985
0.0,0.0,99155.19999999998,10.4,99155.19999999998,0.0,0.9915519999999985
0.0,0.0,99155.19999999998,10.4,99155.19999999998,0.0,0.9915519999999985
0.0,0.0,99155.19999999998,10.4,99155.19999999998,0.0,0.9915519999999985
0.0,0.0,99155.19999999998,10.4,99155.19999999998,0.0,0.9915519999999985
0.0,0.0,99155.19999999998,10.4,99155.19999999998,0.0,0.9915519999999985
0.0,6941.0,92254.89999999998,11.700000000000001,99195.89999999998,0.0004104676305427546,0.9919589999999985
811.9999999999999,7025.0,91437.59999999998,13.000000000000002,99274.59999999998,0.0007933795650827413,0.9927459999999984
821.0000000000001,7220.999999999999,91437.59999999998,13.000000000000002,99479.59999999998,0.0020649793602793842,0.9947959999999982
814.0,7156.999999999999,91437.59999999998,13.000000000000002,99408.59999999998,-0.0007137141685330528,0.9940859999999982
824.0,7111.0,91437.59999999998,13.000000000000002,99372.59999999998,-0.00036214170604953466,0.9937259999999983
833.0,7000.0,91437.59999999998,13.000000000000002,99270.59999999998,-0.0010264398838311095,0.9927059999999984
826.0,6825.0,91437.59999999998,13.000000000000002,99088.59999999998,-0.0018333726198894729,0.9908859999999984
822.0000000000001,6822.0,91437.59999999998,13.000000000000002,99081.59999999998,-7.064384803090462e-05,0.9908159999999985
839.0,6895.999999999999,91437.59999999998,13.000000000000002,99172.59999999998,0.0009184349061783781,0.9917259999999986
838.0000000000001,7027.0,91437.59999999998,13.000000000000002,99302.59999999998,0.0013108459393018634,0.9930259999999986
819.9999999999999,7170.0,91437.59999999998,13.000000000000002,99427.59999999998,0.001258778722812881,0.9942759999999986
825.0,7308.0,91437.59999999998,13.000000000000002,99570.59999999998,0.001438232442500853,0.9957059999999985
838.0000000000001,7345.0,91437.59999999998,13.000000000000002,99620.59999999998,0.0005021562589759831,0.9962059999999985
851.0,7495.999999999999,91437.59999999998,13.000000000000002,99784.59999999998,0.001646245856780526,0.9978459999999983
848.0,7475.0,91437.59999999998,13.000000000000002,99760.59999999998,-0.00024051807593561403,0.9976059999999983
859.0,7559.999999999999,91437.59999999998,13.000000000000002,99856.59999999998,0.0009623037551900193,0.9985659999999984
841.0,7406.0,91437.59999999998,13.000000000000002,99684.59999999998,-0.0017224700220115352,0.9968459999999985
843.0,7218.000000000001,91437.59999999998,13.000000000000002,99498.59999999998,-0.001865885001294032,0.9949859999999985
839.0,7215.000000000001,91437.59999999998,13.000000000000002,99491.59999999998,-7.035274868194552e-05,0.9949159999999985
832.0,7270.0,91437.59999999998,13.000000000000002,99539.59999999998,0.00048245278998426677,0.9953959999999985
856.0,7288.0,91437.59999999998,13.000000000000002,99581.59999999998,0.0004219426238400992,0.9958159999999985
861.9999999999999,7409.999999999999,91437.59999999998,13.000000000000002,99709.59999999998,0.0012853780216426358,0.9970959999999985
900.0,7750.0,91437.59999999998,13.000000000000002,100087.59999999998,0.003791009090398534,1.0008759999999985
914.0,7805.0,91437.59999999998,13.000000000000002,100156.59999999998,0.0006893960890259621,1.0015659999999984
917.0,7837.0,91437.59999999998,13.000000000000002,100191.59999999998,0.00034945275698250455,1.0019159999999983
900.0,7925.0,91437.59999999998,13.000000000000002,100262.59999999998,0.0007086422414652738,1.0026259999999982
903.9999999999999,8002.0,91437.59999999998,13.000000000000002,100343.59999999998,0.0008078785110299247,1.0034359999999982
905.0000000000001,8037.0,91437.59999999998,13.000000000000002,100379.59999999998,0.00035876727564088107,1.0037959999999981
902.9999999999999,7966.0,91437.59999999998,13.000000000000002,100306.59999999998,-0.0007272393992404647,1.0030659999999982
908.0,8016.0,91437.59999999998,13.000000000000002,100361.59999999998,0.0005483188543924378,1.0036159999999983
905.0000000000001,7990.000000000001,91437.59999999998,13.000000000000002,100332.59999999998,-0.0002889551382202482,1.0033259999999982
916.0,8159.999999999999,91437.59999999998,13.000000000000002,100513.59999999998,0.0018039998963448323,1.0051359999999983
927.9999999999999,8090.000000000001,91437.59999999998,13.000000000000002,100455.59999999998,-0.0005770363413508672,1.0045559999999982
946.0000000000001,8380.0,91437.59999999998,13.000000000000002,100763.59999999998,0.003066031162025862,1.0076359999999982
960.0,8388.0,91437.59999999998,13.000000000000002,100785.59999999998,0.0002183328106577509,1.007855999999998
965.0,8420.0,91437.59999999998,13.000000000000002,100822.59999999998,0.0003671159371974042,1.008225999999998
967.0,8450.0,91437.59999999998,13.000000000000002,100854.59999999998,0.0003173891567962439,1.0085459999999982
971.0000000000001,8450.0,91437.59999999998,13.000000000000002,100858.59999999998,3.9661056610240664e-05,1.0085859999999982
1001.0,8355.0,91437.59999999998,13.000000000000002,100793.59999999998,-0.0006444666096891982,1.0079359999999982
1040.0,8315.0,91437.59999999998,13.000000000000002,100792.59999999998,-9.92126484222755e-06,1.007925999999998
1031.0,8280.0,91437.59999999998,13.000000000000002,100748.59999999998,-0.00043653998408610395,1.007485999999998
968.0,8330.0,91437.59999999998,13.000000000000002,100735.59999999998,-0.00012903405109354615,1.0073559999999981
1046.0,8453.0,91437.59999999998,13.000000000000002,100936.59999999998,0.0019953224083639753,1.009365999999998
971.0000000000001,7966.0,91437.59999999998,13.000000000000002,100374.59999999998,-0.005567851502824572,1.003745999999998
985.0,7989.0,91437.59999999998,13.000000000000002,100411.59999999998,0.00036861915265418155,1.004115999999998
943.0,7838.0,91437.59999999998,13.000000000000002,100218.59999999998,-0.001922088682980827,1.002185999999998
950.0,7611.0,91437.59999999998,13.000000000000002,99998.59999999998,-0.0021952012899800755,0.999985999999998
956.0,7730.0,91437.59999999998,13.000000000000002,100123.59999999998,0.0012500175002450042,1.001235999999998
971.0000000000001,7850.0,91437.59999999998,13.000000000000002,100258.59999999998,0.0013483334598436425,1.002585999999998
991.0,7784.999999999999,91437.59999999998,13.000000000000002,100213.59999999998,-0.0004488393015661396,1.002135999999998
1065.0,7890.000000000001,91437.59999999998,13.000000000000002,100392.59999999998,0.0017861847094606809,1.003925999999998
1083.0,8000.0,91437.59999999998,13.000000000000002,100520.59999999998,0.0012749943720951062,1.005205999999998
1093.0,7898.0,91437.59999999998,13.000000000000002,100428.59999999998,-0.000915235285105731,1.004285999999998
1070.0,7719.0,91437.59999999998,13.000000000000002,100226.59999999998,-0.0020113792286261534,1.0022659999999979
1092.0,7768.000000000001,91437.59999999998,13.000000000000002,100297.59999999998,0.0007083947774342292,1.0029759999999979
1085.0,7720.0,91437.59999999998,13.000000000000002,100242.59999999998,-0.000548368056663362,1.0024259999999978
1092.0,7505.0,91437.59999999998,13.000000000000002,100034.59999999998,-0.0020749661321634028,1.0003459999999977
1095.0,7580.0,91437.59999999998,13.000000000000002,100112.59999999998,0.000779730213346097,1.0011259999999977
1117.0,7534.999999999999,91437.59999999998,13.000000000000002,100089.59999999998,-0.0002297413112835045,1.0008959999999978
1071.0,7720.999999999999,91437.59999999998,13.000000000000002,100229.59999999998,0.0013987467229361616,1.0022959999999976
1092.0,7718.000000000001,91437.59999999998,13.000000000000002,100247.59999999998,0.00017958766671721804,1.0024759999999977
1105.0,7859.0,91437.59999999998,13.000000000000002,100401.59999999998,0.0015361963777686949,1.0040159999999978
1112.0,7900.0,91437.59999999998,13.000000000000002,100449.59999999998,0.00047808003059701676,1.0044959999999976
1117.0,7869.0,91437.59999999998,13.000000000000002,100423.59999999998,-0.00025883627212053284,1.0042359999999977
1062.0,7786.0,91437.59999999998,13.000000000000002,100285.59999999998,-0.0013741789778498603,1.0028559999999977
1118.0,7745.999999999999,91437.59999999998,13.000000000000002,100301.59999999998,0.0001595443413611175,1.0030159999999977
1122.0,7688.0,91437.59999999998,13.000000000000002,100247.59999999998,-0.0005383762572082063,1.0024759999999977
1102.0,7748.999999999999,91437.59999999998,13.000000000000002,100288.59999999998,0.0004089873473280825,1.0028859999999977
1120.0,7913.0,91437.59999999998,13.000000000000002,100470.59999999998,0.0018147625951503432,1.0047059999999977
1128.0,8033.0,91437.59999999998,13.000000000000002,100598.59999999998,0.0012740045346599782,1.0059859999999978
1111.0,7980.0,91437.59999999998,13.000000000000002,100528.59999999998,-0.0006958347332864934,1.005285999999998
1119.0,7967.0,91437.59999999998,13.000000000000002,100523.59999999998,-4.97370897436511e-05,1.0052359999999978
1116.0,7950.0,91437.59999999998,13.000000000000002,100503.59999999998,-0.00019895825457905136,1.0050359999999978
1114.0,7984.999999999999,91437.59999999998,13.000000000000002,100536.59999999998,0.0003283464472914055,1.0053659999999978
1123.0,8350.0,91437.59999999998,13.000000000000002,100910.59999999998,0.003720038274618309,1.0091059999999976
1118.0,8392.0,91437.59999999998,13.000000000000002,100947.59999999998,0.00036666118326511565,1.0094759999999976
1121.0,8723.0,91437.59999999998,13.000000000000002,101281.59999999998,0.0033086472585777127,1.0128159999999975
1051.0,8722.0,91437.59999999998,13.000000000000002,101210.59999999998,-0.0007010157817411988,1.0121059999999975
1099.0,8532.0,91437.59999999998,13.000000000000002,101068.59999999998,-0.0014030150992089263,1.0106859999999975
1070.0,8640.0,91437.59999999998,13.000000000000002,101147.59999999998,0.0007816473167729932,1.0114759999999976
1065.0,8699.0,91437.59999999998,13.000000000000002,101201.59999999998,0.0005338732703494831,1.0120159999999976
1066.0,8763.0,91437.59999999998,13.000000000000002,101266.59999999998,0.000642282335457045,1.0126659999999974
1072.0,9060.0,91437.59999999998,13.000000000000002,101569.59999999998,0.0029921020356169503,1.0156959999999975
1087.0,9088.0,91437.59999999998,13.000000000000002,101612.59999999998,0.0004233550196122149,1.0161259999999976
1083.0,8980.0,91437.59999999998,13.000000000000002,101500.59999999998,-0.0011022255114031543,1.0150059999999976
1080.0,8935.0,91437.59999999998,13.000000000000002,101452.59999999998,-0.0004729036084515359,1.0145259999999976
1085.0,8983.0,91437.59999999998,13.000000000000002,101505.59999999998,0.000522411451258975,1.0150559999999975
1045.0,8778.0,91437.59999999998,13.000000000000002,101260.59999999998,-0.0024136599360035094,1.0126059999999975
1063.0,8699.0,91437.59999999998,13.000000000000002,101199.59999999998,-0.0006024060690930089,1.0119959999999975
1013.0000000000001,8752.0,91437.59999999998,13.000000000000002,101202.59999999998,2.964438594621477e-05,1.0120259999999974
1006.0,8769.0,91437.59999999998,13.000000000000002,101212.59999999998,9.88116906086578e-05,1.0121259999999974
1015.0,8815.0,91437.59999999998,13.000000000000002,101267.59999999998,0.0005434106030277608,1.0126759999999975
1000.0,8662.0,91437.59999999998,13.000000000000002,101099.59999999998,-0.0016589708850609508,1.0109959999999976
991.0,8690.0,91437.59999999998,13.000000000000002,101118.59999999998,0.00018793348341628047,1.0111859999999975
993.0,8640.0,91437.59999999998,13.000000000000002,101070.59999999998,-0.0004746901163583672,1.0107059999999974
950.0,8633.0,91437.59999999998,13.000000000000002,101020.59999999998,-0.000494703702164645,1.0102059999999975
953.9999999999999,8731.0,91437.59999999998,13.000000000000002,101122.59999999998,0.0010096950522962,1.0112259999999975
950.0,8768.0,91437.59999999998,13.000000000000002,101155.59999999998,0.00032633654593539063,1.0115559999999977
969.9999999999999,8710.0,91437.59999999998,13.000000000000002,101117.59999999998,-0.00037565888591439833,1.0111759999999976
992.0,8780.0,91437.59999999998,13.000000000000002,101209.59999999998,0.0009098317206894802,1.0120959999999974
984.0,8854.0,91437.59999999998,13.000000000000002,101275.59999999998,0.0006521120526115087,1.0127559999999973
986.9999999999999,8882.0,91437.59999999998,13.000000000000002,101306.59999999998,0.00030609544648463327,1.0130659999999974
984.0,8905.0,91437.59999999998,13.000000000000002,101326.59999999998,0.00019742050369875308,1.0132659999999973
1018.0,8968.0,91437.59999999998,13.000000000000002,101423.59999999998,0.0009573004522009931,1.0142359999999973
1035.0,8788.0,91437.59999999998,13.000000000000002,101260.59999999998,-0.0016071210250868662,1.0126059999999972
1032.0,8701.0,91437.59999999998,13.000000000000002,101170.59999999998,-0.0008887958396454065,1.0117059999999973
1026.0,8550.0,91437.59999999998,13.000000000000002,101013.59999999998,-0.0015518342285208986,1.0101359999999975
1037.0,8458.0,91437.59999999998,13.000000000000002,100932.59999999998,-0.000801872223146205,1.0093259999999975
1023.0,8215.0,91437.59999999998,13.000000000000002,100675.59999999998,-0.0025462536385667534,1.0067559999999975
0.0,8335.0,92459.29999999997,14.300000000000002,100794.29999999997,0.0011790344433009192,1.0079429999999974
0.0,8340.0,92459.29999999997,14.300000000000002,100799.29999999997,4.9605979703271075e-05,1.0079929999999975
0.0,8402.0,92459.29999999997,14.300000000000002,100861.29999999997,0.0006150836364935408,1.0086129999999975
0.0,8446.0,92459.29999999997,14.300000000000002,100905.29999999997,0.0004362426421233856,1.0090529999999975
0.0,8477.0,92459.29999999997,14.300000000000002,100936.29999999997,0.00030721874866834753,1.0093629999999976
0.0,8501.0,92459.29999999997,14.300000000000002,100960.29999999997,0.0002377737246164191,1.0096029999999976
0.0,8353.0,92459.29999999997,14.300000000000002,100812.29999999997,-0.0014659227438904576,1.0081229999999977
0.0,8635.0,92459.29999999997,14.300000000000002,101094.29999999997,0.0027972777131362037,1.0109429999999977
0.0,8725.0,92459.29999999997,14.300000000000002,101184.29999999997,0.0008902579077159078,1.0118429999999978
0.0,8762.0,92459.29999999997,14.300000000000002,101221.29999999997,0.0003656693775615505,1.0122129999999978
0.0,8735.0,92459.29999999997,14.300000000000002,101194.29999999997,-0.00026674227657619287,1.0119429999999978
0.0,8740.0,92459.29999999997,14.300000000000002,101199.29999999997,4.9409897592944674e-05,1.0119929999999977
0.0,8782.0,92459.29999999997,14.300000000000002,101241.29999999997,0.00041502263355575053,1.0124129999999978
0.0,8715.0,92459.29999999997,14.300000000000002,101174.29999999997,-0.0006617852595729445,1.0117429999999978
0.0,8757.0,92459.29999999997,14.300000000000002,101216.29999999997,0.00041512518495312456,1.012162999999998
0.0,8685.0,92459.29999999997,14.300000000000002,101144.29999999997,-0.0007113478757868608,1.0114429999999979
0.0,8617.0,92459.29999999997,14.300000000000002,101076.29999999997,-0.0006723067933634974,1.0107629999999979
0.0,8641.0,92459.29999999997,14.300000000000002,101100.29999999997,0.0002374443860726494,1.0110029999999979
0.0,8688.0,92459.29999999997,14.300000000000002,101147.29999999997,0.0004648848717561105,1.0114729999999978
0.0,8779.0,92459.29999999997,14.300000000000002,101238.29999999997,0.000899677994370629,1.0123829999999978
0.0,8722.0,92459.29999999997,14.300000000000002,101181.29999999997,-0.0005630280239791174,1.0118129999999979
0.0,8831.0,92459.29999999997,14.300000000000002,101290.29999999997,0.0010772741603437552,1.0129029999999977
0.0,8928.0,92459.29999999997,14.300000000000002,101387.29999999997,0.0009576435255893578,1.0138729999999978
0.0,8998.0,92459.29999999997,14.300000000000002,101457.29999999997,0.0006904217786645184,1.0145729999999977
0.0,8890.0,92459.29999999997,14.300000000000002,101349.29999999997,-0.0010644872276317496,1.0134929999999978
0.0,8875.0,92459.29999999997,14.300000000000002,101334.29999999997,-0.00014800299558059837,1.0133429999999979
0.0,8975.0,92459.29999999997,14.300000000000002,101434.29999999997,0.0009868326913986536,1.0143429999999978
0.0,9112.0,92459.29999999997,14.300000000000002,101571.29999999997,0.0013506279434076784,1.0157129999999976
0.0,8922.0,92459.29999999997,14.300000000000002,101381.29999999997,-0.0018706071498543198,1.0138129999999976
0.0,8958.0,92459.29999999997,14.300000000000002,101417.29999999997,0.00035509507177367006,1.0141729999999978
0.0,8901.0,92459.29999999997,14.300000000000002,101360.29999999997,-0.0005620342880356954,1.0136029999999978
0.0,8945.0,92459.29999999997,14.300000000000002,101404.29999999997,0.00043409500563829084,1.0140429999999978
0.0,8815.0,92459.29999999997,14.300000000000002,101274.29999999997,-0.0012819969172904733,1.0127429999999977
0.0,8840.0,92459.29999999997,14.300000000000002,101299.29999999997,0.00024685433520654776,1.0129929999999978
0.0,8815.0,92459.29999999997,14.300000000000002,101274.29999999997,-0.00024679341318256665,1.0127429999999977
0.0,8833.0,92459.29999999997,14.300000000000002,101292.29999999997,0.00017773512134855451,1.0129229999999976
0.0,8788.0,92459.29999999997,14.300000000000002,101247.29999999997,-0.00044425884297227825,1.0124729999999975
0.0,8701.0,92459.29999999997,14.300000000000002,101160.29999999997,-0.0008592821734505485,1.0116029999999976
0.0,8710.0,92459.29999999997,14.300000000000002,101169.29999999997,8.896770768762607e-05,1.0116929999999975
0.0,8733.0,92459.29999999997,14.300000000000002,101192.29999999997,0.00022734169357696565,1.0119229999999975
0.0,8751.0,92459.29999999997,14.300000000000002,101210.29999999997,0.00017787914693112583,1.0121029999999975
0.0,8850.0,92459.29999999997,14.300000000000002,101309.29999999997,0.000978161313621273,1.0130929999999976
0.0,9018.0,92459.29999999997,14.300000000000002,101477.29999999997,0.0016582880347608686,1.0147729999999975
0.0,8994.0,92459.29999999997,14.300000000000002,101453.29999999997,-0.00023650609545189383,1.0145329999999975
0.0,9048.0,92459.29999999997,14.300000000000002,101507.29999999997,0.0005322645985887942,1.0150729999999974
0.0,9060.0,92459.29999999997,14.300000000000002,101519.29999999997,0.00011821809859990928,1.0151929999999976
0.0,8968.0,92459.29999999997,14.300000000000002,101427.29999999997,-0.000906231622952447,1.0142729999999975
0.0,8893.0,92459.29999999997,14.300000000000002,101352.29999999997,-0.0007394458888287936,1.0135229999999975
0.0,8958.0,92459.29999999997,14.300000000000002,101417.29999999997,0.000641327330509478,1.0141729999999975
0.0,8921.0,92459.29999999997,14.300000000000002,101380.29999999997,-0.0003648292746898374,1.0138029999999976
0.0,8895.0,92459.29999999997,14.300000000000002,101354.29999999997,-0.00025646008149515787,1.0135429999999976
0.0,8710.0,92459.29999999997,14.300000000000002,101169.29999999997,-0.0018252802298471815,1.0116929999999977
0.0,8787.0,92459.29999999997,14.300000000000002,101246.29999999997,0.0007611004524099574,1.0124629999999977
0.0,8796.0,92459.29999999997,14.300000000000002,101255.29999999997,8.889213729301737e-05,1.0125529999999978
0.0,8767.0,92459.29999999997,14.300000000000002,101226.29999999997,-0.0002864047610346976,1.012262999999998
0.0,8780.0,92459.29999999997,14.300000000000002,101239.29999999997,0.00012842512272004392,1.0123929999999979
0.0,8801.0,92459.29999999997,14.300000000000002,101260.29999999997,0.00020742932833406336,1.012602999999998
0.0,8991.0,92459.29999999997,14.300000000000002,101450.29999999997,0.0018763523315652453,1.014502999999998
0.0,8966.0,92459.29999999997,14.300000000000002,101425.29999999997,-0.00024642608252511966,1.0142529999999979
0.0,8967.0,92459.29999999997,14.300000000000002,101426.29999999997,9.85947293230538e-06,1.014262999999998
0.0,8928.0,92459.29999999997,14.300000000000002,101387.29999999997,-0.0003845156532378269,1.013872999999998
0.0,8917.0,92459.29999999997,14.300000000000002,101376.29999999997,-0.00010849485093300526,1.013762999999998
0.0,8790.0,92459.29999999997,14.300000000000002,101249.29999999997,-0.0012527582876865617,1.012492999999998
0.0,8785.0,92459.29999999997,14.300000000000002,101244.29999999997,-4.93830574631593e-05,1.012442999999998
0.0,8753.0,92459.29999999997,14.300000000000002,101212.29999999997,-0.0003160671761274214,1.012122999999998
0.0,8780.0,92459.29999999997,14.300000000000002,101239.29999999997,0.00026676599583241867,1.012392999999998
0.0,8770.0,92459.29999999997,14.300000000000002,101229.29999999997,-9.877587063522597e-05,1.012292999999998
0.0,8768.0,92459.29999999997,14.300000000000002,101227.29999999997,-1.975712565438492e-05,1.012272999999998
0.0,8822.0,92459.29999999997,14.300000000000002,101281.29999999997,0.0005334529321634474,1.012812999999998
0.0,8793.0,92459.29999999997,14.300000000000002,101252.29999999997,-0.00028633123784937986,1.012522999999998
0.0,8601.0,92459.29999999997,14.300000000000002,101060.29999999997,-0.0018962532209144678,1.0106029999999981
0.0,8468.0,92459.29999999997,14.300000000000002,100927.29999999997,-0.0013160459646369693,1.009272999999998
0.0,8428.0,92459.29999999997,14.300000000000002,100887.29999999997,-0.0003963248793933394,1.0088729999999981
0.0,8497.0,92459.29999999997,14.300000000000002,100956.29999999997,0.0006839314760134219,1.0095629999999982
0.0,8450.0,92459.29999999997,14.300000000000002,100909.29999999997,-0.00046554796481246274,1.0090929999999982
0.0,8423.0,92459.29999999997,14.300000000000002,100882.29999999997,-0.0002675670131494501,1.0088229999999982
0.0,0.0,100880.99999999997,15.600000000000003,100880.99999999997,-1.2886304138648441e-05,1.0088099999999982
0.0,0.0,100880.99999999997,15.600000000000003,100880.99999999997,0.0,1.0088099999999982
0.0,0.0,100880.99999999997,15.600000000000003,100880.99999999997,0.0,1.0088099999999982
0.0,0.0,100880.99999999997,15.600000000000003,100880.99999999997,0.0,1.0088099999999982
0.0,0.0,100880.99999999997,15.600000000000003,100880.99999999997,0.0,1.0088099999999982
0.0,0.0,100880.99999999997,15.600000000000003,100880.99999999997,0.0,1.0088099999999982
0.0,0.0,100880.99999999997,15.600000000000003,100880.99999999997,0.0,1.0088099999999982
0.0,0.0,100880.99999999997,15.600000000000003,100880.99999999997,0.0,1.0088099999999982
0.0,0.0,100880.99999999997,15.600000000000003,100880.99999999997,0.0,1.0088099999999982
0.0,0.0,100880.99999999997,15.600000000000003,100880.99999999997,0.0,1.0088099999999982
0.0,0.0,100880.99999999997,15.600000000000003,100880.99999999997,0.0,1.0088099999999982
0.0,0.0,100880.99999999997,15.600000000000003,100880.99999999997,0.0,1.0088099999999982
0.0,0.0,100880.99999999997,15.600000000000003,100880.99999999997,0.0,1.0088099999999982
0.0,0.0,100880.99999999997,15.600000000000003,100880.99999999997,0.0,1.0088099999999982
0.0,0.0,100880.99999999997,15.600000000000003,100880.99999999997,0.0,1.0088099999999982
0.0,0.0,100880.99999999997,15.600000000000003,100880.99999999997,0.0,1.0088099999999982
0.0,0.0,100880.99999999997,15.600000000000003,100880.99999999997,0.0,1.0088099999999982
0.0,0.0,100880.99999999997,15.600000000000003,100880.99999999997,0.0,1.0088099999999982
0.0,0.0,100880.99999999997,15.600000000000003,100880.99999999997,0.0,1.0088099999999982
0.0,0.0,100880.99999999997,15.600000000000003,100880.99999999997,0.0,1.0088099999999982
0.0,0.0,100880.99999999997,15.600000000000003,100880.99999999997,0.0,1.0088099999999982
0.0,0.0,100880.99999999997,15.600000000000003,100880.99999999997,0.0,1.0088099999999982
0.0,0.0,100880.99999999997,15.600000000000003,100880.99999999997,0.0,1.0088099999999982
0.0,0.0,100880.99999999997,15.600000000000003,100880.99999999997,0.0,1.0088099999999982
0.0,0.0,100880.99999999997,15.600000000000003,100880.99999999997,0.0,1.0088099999999982
0.0,0.0,100880.99999999997,15.600000000000003,100880.99999999997,0.0,1.0088099999999982
0.0,0.0,100880.99999999997,15.600000000000003,100880.99999999997,0.0,1.0088099999999982
0.0,0.0,100880.99999999997,15.600000000000003,100880.99999999997,0.0,1.0088099999999982
0.0,0.0,100880.99999999997,15.600000000000003,100880.99999999997,0.0,1.0088099999999982
0.0,0.0,100880.99999999997,15.600000000000003,100880.99999999997,0.0,1.0088099999999982
0.0,0.0,100880.99999999997,15.600000000000003,100880.99999999997,0.0,1.0088099999999982
0.0,0.0,100880.99999999997,15.600000000000003,100880.99999999997,0.0,1.0088099999999982
0.0,0.0,100880.99999999997,15.600000000000003,100880.99999999997,0.0,1.0088099999999982
0.0,0.0,100880.99999999997,15.600000000000003,100880.99999999997,0.0,1.0088099999999982
0.0,0.0,100880.99999999997,15.600000000000003,100880.99999999997,0.0,1.0088099999999982
1022.0000000000001,0.0,99835.69999999997,16.900000000000002,100857.69999999997,-0.000230965196617805,1.0085769999999983
1009.0,0.0,99835.69999999997,16.900000000000002,100844.69999999997,-0.0001288944721127283,1.0084469999999983
976.0,0.0,99835.69999999997,16.900000000000002,100811.69999999997,-0.0003272358388690666,1.0081169999999984
971.0000000000001,0.0,99835.69999999997,16.900000000000002,100806.69999999997,-4.959741776000559e-05,1.0080669999999985
878.9999999999999,0.0,99835.69999999997,16.900000000000002,100714.69999999997,-0.0009126377512606032,1.0071469999999985
869.0,0.0,99835.69999999997,16.900000000000002,100704.69999999997,-9.929037171341193e-05,1.0070469999999985
891.0,0.0,99835.69999999997,16.900000000000002,100726.69999999997,0.00021846050879448242,1.0072669999999984
897.0000000000001,0.0,99835.69999999997,16.900000000000002,100732.69999999997,5.9567125697546075e-05,1.0073269999999983
902.0,0.0,99835.69999999997,16.900000000000002,100737.69999999997,4.963631472199026e-05,1.0073769999999982
899.0,0.0,99835.69999999997,16.900000000000002,100734.69999999997,-2.9780310648375163e-05,1.0073469999999982
0.0,0.0,100733.39999999997,18.200000000000003,100733.39999999997,-1.2905185601375102e-05,1.0073339999999982
0.0,0.0,100733.39999999997,18.200000000000003,100733.39999999997,0.0,1.0073339999999982
0.0,0.0,100733.39999999997,18.200000000000003,100733.39999999997,0.0,1.0073339999999982
0.0,0.0,100733.39999999997,18.200000000000003,100733.39999999997,0.0,1.0073339999999982
0.0,0.0,100733.39999999997,18.200000000000003,100733.39999999997,0.0,1.0073339999999982
0.0,0.0,100733.39999999997,18.200000000000003,100733.39999999997,0.0,1.0073339999999982
0.0,0.0,100733.39999999997,18.200000000000003,100733.39999999997,0.0,1.0073339999999982
0.0,0.0,100733.39999999997,18.200000000000003,100733.39999999997,0.0,1.0073339999999982
0.0,0.0,100733.39999999997,18.200000000000003,100733.39999999997,0.0,1.0073339999999982
0.0,0.0,100733.39999999997,18.200000000000003,100733.39999999997,0.0,1.0073339999999982
0.0,0.0,100733.39999999997,18.200000000000003,100733.39999999997,0.0,1.0073339999999982
0.0,0.0,100733.39999999997,18.200000000000003,100733.39999999997,0.0,1.0073339999999982
0.0,0.0,100733.39999999997,18.200000000000003,100733.39999999997,0.0,1.0073339999999982
0.0,0.0,100733.39999999997,18.200000000000003,100733.39999999997,0.0,1.0073339999999982
0.0,0.0,100733.39999999997,18.200000000000003,100733.39999999997,0.0,1.0073339999999982
0.0,0.0,100733.39999999997,18.200000000000003,100733.39999999997,0.0,1.0073339999999982
0.0,0.0,100733.39999999997,18.200000000000003,100733.39999999997,0.0,1.0073339999999982
0.0,0.0,100733.39999999997,18.200000000000003,100733.39999999997,0.0,1.0073339999999982
0.0,0.0,100733.39999999997,18.200000000000003,100733.39999999997,0.0,1.0073339999999982
0.0,0.0,100733.39999999997,18.200000000000003,100733.39999999997,0.0,1.0073339999999982
0.0,0.0,100733.39999999997,18.200000000000003,100733.39999999997,0.0,1.0073339999999982
0.0,0.0,100733.39999999997,18.200000000000003,100733.39999999997,0.0,1.0073339999999982
0.0,0.0,100733.39999999997,18.200000000000003,100733.39999999997,0.0,1.0073339999999982
0.0,0.0,100733.39999999997,18.200000000000003,100733.39999999997,0.0,1.0073339999999982
0.0,0.0,100733.39999999997,18.200000000000003,100733.39999999997,0.0,1.0073339999999982
0.0,0.0,100733.39999999997,18.200000000000003,100733.39999999997,0.0,1.0073339999999982
0.0,0.0,100733.39999999997,18.200000000000003,100733.39999999997,0.0,1.0073339999999982
0.0,0.0,100733.39999999997,18.200000000000003,100733.39999999997,0.0,1.0073339999999982
0.0,0.0,100733.39999999997,18.200000000000003,100733.39999999997,0.0,1.0073339999999982
0.0,0.0,100733.39999999997,18.200000000000003,100733.39999999997,0.0,1.0073339999999982
0.0,0.0,100733.39999999997,18.200000000000003,100733.39999999997,0.0,1.0073339999999982
0.0,0.0,100733.39999999997,18.200000000000003,100733.39999999997,0.0,1.0073339999999982
0.0,0.0,100733.39999999997,18.200000000000003,100733.39999999997,0.0,1.0073339999999982
0.0,0.0,100733.39999999997,18.200000000000003,100733.39999999997,0.0,1.0073339999999982
0.0,0.0,100733.39999999997,18.200000000000003,100733.39999999997,0.0,1.0073339999999982
0.0,0.0,100733.39999999997,18.200000000000003,100733.39999999997,0.0,1.0073339999999982
0.0,0.0,100733.39999999997,18.200000000000003,100733.39999999997,0.0,1.0073339999999982
0.0,0.0,100733.39999999997,18.200000000000003,100733.39999999997,0.0,1.0073339999999982
0.0,0.0,100733.39999999997,18.200000000000003,100733.39999999997,0.0,1.0073339999999982
0.0,0.0,100733.39999999997,18.200000000000003,100733.39999999997,0.0,1.0073339999999982
0.0,0.0,100733.39999999997,18.200000000000003,100733.39999999997,0.0,1.0073339999999982
0.0,0.0,100733.39999999997,18.200000000000003,100733.39999999997,0.0,1.0073339999999982
0.0,0.0,100733.39999999997,18.200000000000003,100733.39999999997,0.0,1.0073339999999982
0.0,0.0,100733.39999999997,18.200000000000003,100733.39999999997,0.0,1.0073339999999982
0.0,0.0,100733.39999999997,18.200000000000003,100733.39999999997,0.0,1.0073339999999982
0.0,0.0,100733.39999999997,18.200000000000003,100733.39999999997,0.0,1.0073339999999982
0.0,0.0,100733.39999999997,18.200000000000003,100733.39999999997,0.0,1.0073339999999982
0.0,0.0,100733.39999999997,18.200000000000003,100733.39999999997,0.0,1.0073339999999982
0.0,0.0,100733.39999999997,18.200000000000003,100733.39999999997,0.0,1.0073339999999982
0.0,0.0,100733.39999999997,18.200000000000003,100733.39999999997,0.0,1.0073339999999982
0.0,0.0,100733.39999999997,18.200000000000003,100733.39999999997,0.0,1.0073339999999982
0.0,0.0,100733.39999999997,18.200000000000003,100733.39999999997,0.0,1.0073339999999982
0.0,0.0,100733.39999999997,18.200000000000003,100733.39999999997,0.0,1.0073339999999982
0.0,0.0,100733.39999999997,18.200000000000003,100733.39999999997,0.0,1.0073339999999982
0.0,0.0,100733.39999999997,18.200000000000003,100733.39999999997,0.0,1.0073339999999982
0.0,0.0,100733.39999999997,18.200000000000003,100733.39999999997,0.0,1.0073339999999982
0.0,0.0,100733.39999999997,18.200000000000003,100733.39999999997,0.0,1.0073339999999982
0.0,0.0,100733.39999999997,18.200000000000003,100733.39999999997,0.0,1.0073339999999982
0.0,0.0,100733.39999999997,18.200000000000003,100733.39999999997,0.0,1.0073339999999982
0.0,0.0,100733.39999999997,18.200000000000003,100733.39999999997,0.0,1.0073339999999982
0.0,0.0,100733.39999999997,18.200000000000003,100733.39999999997,0.0,1.0073339999999982
0.0,0.0,100733.39999999997,18.200000000000003,100733.39999999997,0.0,1.0073339999999982
0.0,0.0,100733.39999999997,18.200000000000003,100733.39999999997,0.0,1.0073339999999982
0.0,0.0,100733.39999999997,18.200000000000003,100733.39999999997,0.0,1.0073339999999982
0.0,0.0,100733.39999999997,18.200000000000003,100733.39999999997,0.0,1.0073339999999982
0.0,0.0,100733.39999999997,18.200000000000003,100733.39999999997,0.0,1.0073339999999982
0.0,0.0,100733.39999999997,18.200000000000003,100733.39999999997,0.0,1.0073339999999982
0.0,0.0,100733.39999999997,18.200000000000003,100733.39999999997,0.0,1.0073339999999982
0.0,0.0,100733.39999999997,18.200000000000003,100733.39999999997,0.0,1.0073339999999982
0.0,0.0,100733.39999999997,18.200000000000003,100733.39999999997,0.0,1.0073339999999982
0.0,0.0,100733.39999999997,18.200000000000003,100733.39999999997,0.0,1.0073339999999982
0.0,0.0,100733.39999999997,18.200000000000003,100733.39999999997,0.0,1.0073339999999982
0.0,0.0,100733.39999999997,18.200000000000003,100733.39999999997,0.0,1.0073339999999982
0.0,0.0,100733.39999999997,18.200000000000003,100733.39999999997,0.0,1.0073339999999982
0.0,0.0,100733.39999999997,18.200000000000003,100733.39999999997,0.0,1.0073339999999982
0.0,0.0,100733.39999999997,18.200000000000003,100733.39999999997,0.0,1.0073339999999982
